Customer_ID,Purchase_Frequency,Total_Spending,Browsing_Sessions,Pages_Viewed,Avg_Browsing_Time
C001,3.0,880.96,14.0,55.0,16.0
C002,2.0,534.44,4.0,52.0,9.0
C003,2.0,519.08,6.0,46.0,7.0
C004,3.0,459.31,4.0,43.0,9.0
C005,7.0,2198.74,16.0,82.0,23.0
C006,5.0,1118.28,11.0,74.0,18.0
C007,5.0,1004.76,8.0,81.0,14.0
C008,2.0,509.07,9.0,21.0,10.0
C009,5.0,1556.16,21.0,128.0,28.0
C010,8.0,2054.02,15.0,81.0,22.0
C011,2.0,366.63,9.0,24.0,10.0
C012,3.0,816.43,13.0,58.0,16.0
C013,8.0,1903.14,23.0,89.0,24.0
C014,3.0,821.78,14.0,59.0,16.0
C015,1.0,503.94,7.0,49.0,8.0
C016,7.0,2171.7,22.0,132.0,28.0
C017,4.0,838.29,11.0,75.0,19.0
C018,,1816.14,15.0,88.0,31.0
C019,4.0,859.41,10.0,54.0,19.0
C020,8.0,2195.3,23.0,101.0,33.0
C021,5.0,1055.35,9.0,82.0,13.0
C022,5.0,1096.83,12.0,82.0,12.0
C023,2.0,360.74,4.0,28.0,11.0
C024,5.0,1226.87,8.0,79.0,20.0
C025,6.0,1915.32,18.0,128.0,28.0
C026,4.0,933.97,9.0,60.0,16.0
C027,4.0,866.6,12.0,83.0,22.0
C028,5.0,2087.94,20.0,88.0,27.0
C029,3.0,879.04,12.0,69.0,13.0
C030,4.0,1158.52,14.0,69.0,17.0
C031,1.0,363.01,8.0,29.0,10.0
C032,5.0,832.78,11.0,59.0,12.0
C033,4.0,1064.34,9.0,74.0,22.0
C034,7.0,1857.01,21.0,133.0,27.0
C035,8.0,2266.35,18.0,93.0,36.0
C036,5.0,1877.43,14.0,96.0,31.0
C037,5.0,974.88,10.0,80.0,15.0
C038,5.0,1799.93,21.0,112.0,31.0
C039,1.0,514.26,9.0,40.0,9.0
C040,4.0,929.0,10.0,74.0,19.0
C041,4.0,1108.69,14.0,71.0,15.0
C042,3.0,562.92,5.0,51.0,11.0
C043,2.0,346.9,8.0,31.0,8.0
C044,1.0,427.0,5.0,23.0,14.0
C045,7.0,1769.93,21.0,90.0,37.0
C046,5.0,815.26,14.0,50.0,17.0
C047,3.0,,8.0,30.0,13.0
C048,8.0,1894.63,15.0,133.0,32.0
C049,3.0,913.88,13.0,82.0,14.0
C050,5.0,1099.95,13.0,62.0,21.0
C051,2.0,466.79,6.0,48.0,9.0
C052,4.0,849.69,11.0,45.0,12.0
C053,3.0,441.69,8.0,42.0,11.0
C054,5.0,1000.7,8.0,61.0,18.0
C055,4.0,1136.52,12.0,84.0,21.0
C056,3.0,835.28,12.0,71.0,18.0
C057,5.0,1654.1,15.0,133.0,33.0
C058,1.0,462.67,7.0,53.0,11.0
C059,5.0,1721.53,20.0,116.0,27.0
C060,5.0,1970.72,15.0,109.0,27.0
C061,4.0,953.79,9.0,69.0,12.0
C062,4.0,881.92,9.0,72.0,16.0
C063,2.0,485.13,9.0,47.0,9.0
C064,1.0,424.42,6.0,20.0,10.0
C065,5.0,1130.78,9.0,57.0,19.0
C066,7.0,1610.24,15.0,82.0,28.0
C067,2.0,426.82,6.0,36.0,6.0
C068,2.0,385.98,8.0,21.0,9.0
C069,4.0,910.72,8.0,70.0,15.0
C070,4.0,968.97,9.0,70.0,22.0
C071,1.0,302.47,6.0,41.0,7.0
C072,3.0,894.41,14.0,83.0,12.0
C073,1.0,365.51,4.0,22.0,12.0
C074,8.0,1999.95,20.0,111.0,22.0
C075,3.0,570.27,7.0,26.0,13.0
C076,4.0,898.66,14.0,75.0,12.0
C077,1.0,461.63,7.0,40.0,12.0
C078,5.0,1139.61,13.0,78.0,19.0
C079,7.0,2085.05,17.0,84.0,26.0
C080,1.0,416.78,7.0,44.0,6.0
C081,5.0,980.46,12.0,83.0,21.0
C082,3.0,500.86,9.0,44.0,11.0
C083,5.0,989.98,13.0,77.0,19.0
C084,3.0,1092.11,,54.0,21.0
C085,2.0,534.32,6.0,47.0,12.0
C086,3.0,1225.1,13.0,46.0,22.0
C087,5.0,1056.5,13.0,47.0,22.0
C088,4.0,972.91,9.0,49.0,17.0
C089,5.0,986.22,11.0,53.0,18.0
C090,4.0,883.35,11.0,56.0,20.0
C091,2.0,544.24,9.0,30.0,12.0
C092,3.0,1117.17,13.0,55.0,15.0
C093,1.0,394.58,7.0,54.0,6.0
C094,3.0,725.79,12.0,56.0,21.0
C095,1.0,537.13,9.0,21.0,13.0
C096,1.0,335.35,5.0,31.0,12.0
C097,2.0,402.85,5.0,25.0,11.0
C098,5.0,1089.05,14.0,69.0,19.0
C099,5.0,1104.8,12.0,82.0,18.0
C100,5.0,1009.02,8.0,67.0,18.0
C101,2.0,516.86,9.0,44.0,8.0
C102,1.0,373.44,9.0,52.0,6.0
C103,2.0,460.91,7.0,53.0,7.0
C104,3.0,398.61,7.0,41.0,12.0
C105,5.0,1036.26,13.0,73.0,19.0
C106,1.0,420.29,4.0,45.0,13.0
C107,1.0,331.82,4.0,46.0,14.0
C108,5.0,1593.0,20.0,128.0,36.0
C109,1.0,206.56,7.0,53.0,9.0
C110,4.0,920.7,11.0,64.0,19.0
C111,1.0,461.46,9.0,42.0,14.0
C112,8.0,1748.25,17.0,122.0,22.0
C113,3.0,634.02,12.0,50.0,15.0
C114,5.0,1128.96,13.0,70.0,18.0
C115,3.0,435.48,8.0,40.0,12.0
C116,5.0,1981.65,21.0,116.0,29.0
C117,3.0,820.41,13.0,70.0,15.0
C118,3.0,1114.44,14.0,76.0,19.0
C119,6.0,1607.82,22.0,105.0,32.0
C120,3.0,580.17,4.0,52.0,14.0
C121,7.0,1698.72,15.0,86.0,31.0
C122,3.0,771.83,8.0,23.0,13.0
C123,4.0,663.24,8.0,66.0,19.0
C124,1.0,401.92,6.0,39.0,9.0
C125,4.0,967.47,12.0,71.0,20.0
C126,7.0,2076.95,22.0,132.0,30.0
C127,8.0,1949.33,14.0,124.0,34.0
C128,5.0,1577.74,23.0,101.0,26.0
C129,2.0,455.42,8.0,35.0,7.0
C130,8.0,1716.8,14.0,,29.0
C131,5.0,1761.38,18.0,82.0,24.0
C132,3.0,312.8,6.0,47.0,8.0
C133,1.0,413.39,4.0,29.0,7.0
C134,3.0,810.26,9.0,54.0,16.0
C135,3.0,848.02,13.0,50.0,18.0
C136,4.0,764.85,9.0,69.0,12.0
C137,3.0,560.52,12.0,46.0,22.0
C138,4.0,1270.68,10.0,74.0,12.0
C139,3.0,757.25,8.0,79.0,15.0
C140,1.0,364.46,7.0,24.0,6.0
C141,6.0,1812.51,20.0,108.0,29.0
C142,4.0,1044.36,13.0,49.0,18.0
C143,5.0,1407.95,20.0,87.0,27.0
C144,3.0,876.37,11.0,52.0,21.0
C145,3.0,492.57,5.0,47.0,9.0
C146,3.0,931.23,14.0,50.0,12.0
C147,3.0,466.47,4.0,54.0,8.0
C148,4.0,1073.43,10.0,52.0,12.0
C149,3.0,1138.16,10.0,80.0,13.0
C150,1.0,259.27,9.0,43.0,10.0
C151,8.0,2161.62,21.0,110.0,26.0
C152,1.0,338.96,5.0,29.0,7.0
C153,6.0,1783.7,21.0,121.0,30.0
C154,5.0,1152.86,10.0,64.0,20.0
C155,2.0,383.43,8.0,45.0,10.0
C156,7.0,2003.99,16.0,115.0,34.0
C157,2.0,432.7,9.0,46.0,14.0
C158,4.0,1000.46,10.0,59.0,20.0
C159,4.0,902.86,8.0,64.0,20.0
C160,6.0,1817.91,21.0,98.0,23.0
C161,1.0,418.15,7.0,20.0,13.0
C162,6.0,1677.08,18.0,123.0,24.0
C163,3.0,927.41,10.0,67.0,22.0
C164,3.0,471.39,7.0,35.0,7.0
C165,7.0,1819.56,16.0,133.0,29.0
C166,4.0,798.19,13.0,52.0,18.0
C167,3.0,1114.33,10.0,62.0,15.0
C168,5.0,1065.62,8.0,65.0,20.0
C169,6.0,1763.23,19.0,91.0,28.0
C170,3.0,679.18,12.0,64.0,14.0
C171,2.0,485.45,8.0,20.0,6.0
C172,3.0,806.5,12.0,69.0,13.0
C173,3.0,450.22,5.0,23.0,7.0
C174,3.0,852.96,14.0,61.0,20.0
C175,3.0,938.38,11.0,59.0,19.0
C176,4.0,1098.77,9.0,50.0,16.0
C177,3.0,489.62,9.0,48.0,
C178,2.0,486.39,6.0,42.0,13.0
C179,1.0,500.23,5.0,42.0,8.0
C180,5.0,1060.83,9.0,79.0,12.0
C181,3.0,564.9,8.0,47.0,12.0
C182,5.0,1031.16,9.0,46.0,19.0
C183,6.0,1911.01,17.0,105.0,31.0
C184,2.0,539.44,9.0,49.0,11.0
C185,1.0,281.52,8.0,24.0,11.0
C186,6.0,1492.13,15.0,86.0,23.0
C187,3.0,564.88,7.0,51.0,12.0
C188,3.0,538.61,7.0,52.0,13.0
C189,7.0,1818.32,20.0,118.0,24.0
C190,4.0,1226.16,11.0,45.0,17.0
C191,7.0,1925.04,23.0,88.0,27.0
C192,4.0,932.25,9.0,63.0,18.0
C193,5.0,1710.03,21.0,94.0,26.0
C194,2.0,335.71,9.0,23.0,11.0
C195,3.0,728.56,13.0,65.0,17.0
C196,3.0,563.6,7.0,35.0,14.0
C197,6.0,1869.37,21.0,125.0,32.0
C198,5.0,1128.67,14.0,50.0,17.0
C199,2.0,393.83,6.0,43.0,7.0
C200,1.0,253.63,7.0,47.0,10.0
C201,5.0,2000.42,20.0,131.0,27.0
C202,1.0,389.52,7.0,51.0,9.0
C203,3.0,923.06,8.0,70.0,17.0
C204,6.0,2044.69,20.0,107.0,37.0
C205,1.0,490.14,4.0,43.0,6.0
C206,3.0,737.63,9.0,58.0,16.0
C207,1.0,311.66,4.0,50.0,11.0
C208,3.0,906.55,13.0,50.0,21.0
C209,3.0,887.78,9.0,57.0,22.0
C210,7.0,1995.8,17.0,127.0,25.0
C211,2.0,471.1,7.0,43.0,11.0
C212,5.0,2009.0,16.0,111.0,29.0
C213,3.0,537.39,6.0,54.0,6.0
C214,1.0,365.8,7.0,24.0,10.0
C215,5.0,1559.91,23.0,115.0,30.0
C216,6.0,1614.32,16.0,96.0,35.0
C217,8.0,1947.36,19.0,102.0,30.0
C218,2.0,380.67,8.0,51.0,6.0
C219,2.0,201.03,8.0,52.0,8.0
C220,2.0,428.83,8.0,50.0,8.0
C221,5.0,1658.43,19.0,105.0,33.0
C222,1.0,,6.0,21.0,10.0
C223,1.0,477.61,6.0,31.0,8.0
C224,4.0,1022.27,8.0,82.0,15.0
C225,1.0,555.97,8.0,37.0,7.0
C226,3.0,482.8,8.0,26.0,10.0
C227,3.0,967.68,12.0,73.0,16.0
C228,5.0,1063.42,14.0,59.0,12.0
C229,5.0,1015.21,10.0,60.0,19.0
C230,5.0,1602.84,19.0,97.0,37.0
C231,1.0,449.49,4.0,37.0,13.0
C232,3.0,904.05,10.0,81.0,15.0
C233,3.0,449.12,8.0,51.0,12.0
C234,3.0,583.97,7.0,41.0,8.0
C235,4.0,1057.68,13.0,48.0,14.0
C236,2.0,467.4,8.0,26.0,14.0
C237,3.0,580.88,4.0,27.0,9.0
C238,3.0,822.7,13.0,47.0,18.0
C239,5.0,1961.89,16.0,132.0,25.0
C240,3.0,886.85,12.0,76.0,13.0
C241,3.0,784.52,13.0,48.0,17.0
C242,6.0,2072.69,14.0,105.0,26.0
C243,3.0,443.54,7.0,48.0,6.0
C244,3.0,1019.17,9.0,63.0,16.0
C245,7.0,1701.87,18.0,105.0,35.0
C246,2.0,542.85,6.0,36.0,11.0
C247,3.0,1158.21,10.0,56.0,20.0
C248,7.0,1674.84,21.0,120.0,27.0
C249,5.0,1670.38,20.0,130.0,32.0
C250,4.0,738.56,12.0,78.0,17.0
